service_id,labor_id,labor_type,labor_name,labor_category,labor_price,labor_created_at,labor_start_date,labor_end_date,alfred,shop,created_at,schedule_date,client_type,paying_customer,state_service,start_address_id,start_address_point,end_address_id,end_address_point,city,address_id,address_point,address_name,created_date_only,schedule_date_only,is_static,is_dynamic,simulated_day,date
251452,347331,12.0,Alfred Initial Transport,VEHICLE_TRANSPORTATION,55663.0,2025-06-06 09:41:25.502000-05:00,2026-11-10 14:05:00-05:00,2026-11-10 17:28:00-05:00,21405,,2026-11-11 09:41:25.437000-05:00,2026-11-11 16:30:00-05:00,B2B,66477.0,COMPLETED,52740.0,POINT (-75.5856104 6.183108199999999),139290.0,POINT (-75.5799134 6.1667786),1,28134.0,POINT (-75.6004631859725 6.254282787660095),otros,2025-06-06,2025-06-06,False,True,2026-11-11,2026-11-11
250344,346198,2.0,Alfred Transport,VEHICLE_TRANSPORTATION,35000.0,2025-06-04 10:12:08.674000-05:00,2026-11-10 14:02:00-05:00,2026-11-10 15:16:00-05:00,31857,,2026-11-11 07:55:32.445000-05:00,2026-11-11 13:00:00-05:00,B2C,69732.0,IN_PROGRESS,125570.0,POINT (-75.50422820000001 6.0542967),125570.0,POINT (-75.50422820000001 6.0542967),1,44375.0,POINT (-75.58290559999999 6.155980599999999),Apto,2025-06-04,2025-06-04,False,True,2026-11-11,2026-11-11
249783,345530,12.0,Alfred Initial Transport,VEHICLE_TRANSPORTATION,55663.0,2025-06-03 08:26:15.943000-05:00,2026-11-10 10:45:00-05:00,2026-11-10 12:26:00-05:00,5455,,2026-11-11 08:26:15.855000-05:00,2026-11-11 11:30:00-05:00,B2B,26250.0,COMPLETED,137194.0,POINT (-75.5579475 6.2012924),7503.0,POINT (-75.5801378 6.191890799999999),1,10331.0,POINT (-75.5568613 6.278588999999999),Casa,2025-06-03,2025-06-03,False,True,2026-11-11,2026-11-11
251426,347325,2.0,Alfred Transport,VEHICLE_TRANSPORTATION,65004.0,2025-06-06 09:29:07.716000-05:00,2026-11-10 15:45:00-05:00,2026-11-10 16:33:00-05:00,20111,,2026-11-11 08:22:13.273000-05:00,2026-11-11 14:00:00-05:00,B2B,61815.0,COMPLETED,110158.0,POINT (-75.5717335 6.2027526),110158.0,POINT (-75.5717335 6.2027526),1,25905.0,POINT (-75.594906 6.190818699999999),Apto,2025-06-06,2025-06-06,False,True,2026-11-11,2026-11-11
256519,352766,12.0,Alfred Initial Transport,VEHICLE_TRANSPORTATION,55663.0,2025-06-17 13:27:44.332000-05:00,2026-11-10 15:21:00-05:00,2026-11-10 16:32:00-05:00,21405,,2026-11-11 13:27:44.268000-05:00,2026-11-11 16:00:00-05:00,B2B,72887.0,COMPLETED,4852.0,POINT (-75.56991479999999 6.2276503),43187.0,POINT (-75.55303219999999 6.198942300000001),1,28134.0,POINT (-75.6004631859725 6.254282787660095),otros,2025-06-17,2025-06-17,False,True,2026-11-11,2026-11-11
249970,345737,12.0,Alfred Initial Transport,VEHICLE_TRANSPORTATION,52440.0,2025-06-03 14:50:26.711000-05:00,2026-11-10 16:26:00-05:00,2026-11-10 17:49:00-05:00,31857,,2026-11-11 14:50:26.643000-05:00,2026-11-11 17:30:00-05:00,B2B,25806.0,COMPLETED,117291.0,POINT (-75.5700854 6.2310458),127917.0,POINT (-75.57356209999999 6.1906903),1,44375.0,POINT (-75.58290559999999 6.155980599999999),Apto,2025-06-03,2025-06-03,False,True,2026-11-11,2026-11-11
250880,346715,12.0,Alfred Initial Transport,VEHICLE_TRANSPORTATION,55663.0,2025-06-05 07:42:09.967000-05:00,2026-11-10 13:37:00-05:00,2026-11-10 15:36:00-05:00,2036,,2026-11-11 07:42:09.907000-05:00,2026-11-11 14:30:00-05:00,B2B,72887.0,COMPLETED,139072.0,POINT (-75.5672657 6.2203215),4849.0,POINT (-75.5697983 6.227549600000001),1,55748.0,POINT (-75.55748439999999 6.252939599999999),Apartamento,2025-06-05,2025-06-05,False,True,2026-11-11,2026-11-11
250357,346142,12.0,Alfred Initial Transport,VEHICLE_TRANSPORTATION,52440.0,2025-06-04 08:24:13.321000-05:00,2026-11-10 14:01:00-05:00,2026-11-10 16:23:00-05:00,21405,,2026-11-11 08:24:13.243000-05:00,2026-11-11 15:00:00-05:00,B2B,20544.0,COMPLETED,117288.0,POINT (-75.570449 6.2322998),138496.0,POINT (-75.6303203 6.1215789),1,28134.0,POINT (-75.6004631859725 6.254282787660095),otros,2025-06-04,2025-06-04,False,True,2026-11-11,2026-11-11
258000,354358,12.0,Alfred Initial Transport,VEHICLE_TRANSPORTATION,55663.0,2025-06-20 10:42:58.916000-05:00,2026-11-10 14:06:00-05:00,2026-11-10 16:01:00-05:00,10491,,2026-11-11 10:42:58.847000-05:00,2026-11-11 15:00:00-05:00,B2B,25091.0,COMPLETED,40683.0,POINT (-75.5856104 6.183108199999999),141364.0,POINT (-75.5713047 6.249888400000001),1,16770.0,POINT (-75.5948708 6.222133500000001),casa,2025-06-20,2025-06-20,False,True,2026-11-11,2026-11-11
252551,348488,12.0,Alfred Initial Transport,VEHICLE_TRANSPORTATION,55663.0,2025-06-09 11:56:51.975000-05:00,2026-11-10 15:06:00-05:00,2026-11-10 16:35:00-05:00,21405,,2026-11-11 11:56:51.903000-05:00,2026-11-11 15:30:00-05:00,B2B,37441.0,COMPLETED,4849.0,POINT (-75.5697983 6.227549600000001),138774.0,POINT (-75.60407719999999 6.2178121),1,28134.0,POINT (-75.6004631859725 6.254282787660095),otros,2025-06-09,2025-06-09,False,True,2026-11-11,2026-11-11
250384,346177,12.0,Alfred Initial Transport,VEHICLE_TRANSPORTATION,52440.0,2025-06-04 09:31:08.883000-05:00,2026-11-10 13:08:00-05:00,2026-11-10 15:23:00-05:00,20111,,2026-11-11 09:31:08.815000-05:00,2026-11-11 14:00:00-05:00,B2B,20544.0,COMPLETED,117281.0,POINT (-75.56979539999999 6.2198631),138894.0,POINT (-75.56689709999999 6.2123082),1,25905.0,POINT (-75.594906 6.190818699999999),Apto,2025-06-04,2025-06-04,False,True,2026-11-11,2026-11-11
254301,350419,12.0,Alfred Initial Transport,VEHICLE_TRANSPORTATION,55663.0,2025-06-12 12:35:42.780000-05:00,2026-11-10 16:14:00-05:00,2026-11-10 17:55:00-05:00,31857,,2026-11-11 12:35:42.674000-05:00,2026-11-11 17:00:00-05:00,B2B,20822.0,COMPLETED,4849.0,POINT (-75.5697983 6.227549600000001),87477.0,POINT (-75.5628788 6.2047039),1,44375.0,POINT (-75.58290559999999 6.155980599999999),Apto,2025-06-12,2025-06-12,False,True,2026-11-11,2026-11-11
250347,346132,12.0,Alfred Initial Transport,VEHICLE_TRANSPORTATION,55663.0,2025-06-04 08:09:54.421000-05:00,2026-11-10 16:11:00-05:00,2026-11-10 18:03:00-05:00,2036,,2026-11-11 08:09:54.355000-05:00,2026-11-11 17:00:00-05:00,B2B,72887.0,COMPLETED,4852.0,POINT (-75.56991479999999 6.2276503),137002.0,POINT (-75.6034403 6.2377682),1,55748.0,POINT (-75.55748439999999 6.252939599999999),Apartamento,2025-06-04,2025-06-04,False,True,2026-11-11,2026-11-11
250379,346170,12.0,Alfred Initial Transport,VEHICLE_TRANSPORTATION,52988.0,2025-06-04 09:16:38.983000-05:00,2026-11-10 15:23:00-05:00,2026-11-10 16:42:00-05:00,10491,,2026-11-11 09:16:38.918000-05:00,2026-11-11 16:00:00-05:00,B2B,26430.0,COMPLETED,1606.0,POINT (-75.57438254356384 6.2283712162642235),138892.0,POINT (-75.5946517 6.241621599999999),1,16770.0,POINT (-75.5948708 6.222133500000001),casa,2025-06-04,2025-06-04,False,True,2026-11-11,2026-11-11
250344,346197,16.0,Tanqueo Terpel (Corriente),OTHER_LABORS,120000.0,2025-06-04 10:10:05.975000-05:00,2026-11-10 14:01:00-05:00,2026-11-10 14:02:00-05:00,,344.0,2026-11-11 07:55:32.445000-05:00,2026-11-11 13:00:00-05:00,B2C,69732.0,IN_PROGRESS,125570.0,POINT (-75.50422820000001 6.0542967),125570.0,POINT (-75.50422820000001 6.0542967),1,12511.0,POINT (-75.5858659 6.2039025),Terpel Guayabal,2025-06-04,2025-06-04,False,True,2026-11-11,2026-11-11
253519,349539,12.0,Alfred Initial Transport,VEHICLE_TRANSPORTATION,55663.0,2025-06-11 08:33:32.764000-05:00,2026-11-10 15:04:00-05:00,2026-11-10 16:41:00-05:00,20111,,2026-11-11 08:33:32.702000-05:00,2026-11-11 16:00:00-05:00,B2B,72887.0,COMPLETED,4852.0,POINT (-75.56991479999999 6.2276503),51526.0,POINT (-75.5806887 6.1927007),1,25905.0,POINT (-75.594906 6.190818699999999),Apto,2025-06-11,2025-06-11,False,True,2026-11-11,2026-11-11
249885,345644,12.0,Alfred Initial Transport,VEHICLE_TRANSPORTATION,55663.0,2025-06-03 11:39:10.710000-05:00,2026-11-10 14:38:00-05:00,2026-11-10 15:58:00-05:00,31857,,2026-11-11 11:39:10.639000-05:00,2026-11-11 15:30:00-05:00,B2B,25091.0,COMPLETED,138730.0,POINT (-75.5856515 6.183439799999999),138731.0,POINT (-75.5853836 6.207797399999999),1,44375.0,POINT (-75.58290559999999 6.155980599999999),Apto,2025-06-03,2025-06-03,False,True,2026-11-11,2026-11-11
250344,346127,12.0,Alfred Initial Transport,VEHICLE_TRANSPORTATION,35000.0,2025-06-04 07:55:32.490000-05:00,2026-11-10 12:30:00-05:00,2026-11-10 14:01:00-05:00,31857,,2026-11-11 07:55:32.445000-05:00,2026-11-11 13:00:00-05:00,B2C,69732.0,IN_PROGRESS,125570.0,POINT (-75.50422820000001 6.0542967),125570.0,POINT (-75.50422820000001 6.0542967),1,44375.0,POINT (-75.58290559999999 6.155980599999999),Apto,2025-06-04,2025-06-04,False,True,2026-11-11,2026-11-11
255757,353381,10.0,Paint Job,PAINT_JOB,210000.0,2025-06-18 14:23:45.620000-05:00,2026-11-12 17:01:00-05:00,2026-11-14 11:27:00-05:00,,854.0,2026-11-11 10:51:50.425000-05:00,2026-11-11 13:30:00-05:00,B2B,64777.0,COMPLETED,140629.0,POINT (-76.5115521 3.4534704),141373.0,POINT (-76.5093558 3.4717235),1004,58798.0,POINT (-76.5421774 3.4259662),Automotriz On line SD,2025-06-16,2025-06-16,False,True,2026-11-11,2026-11-11
255757,352889,6.0,General Mechanics,GENERAL_MECHANICS,2126024.0,2025-06-17 15:59:24.286000-05:00,2026-11-11 08:00:00-05:00,2026-11-12 17:00:00-05:00,,4088.0,2026-11-11 10:51:50.425000-05:00,2026-11-11 13:30:00-05:00,B2B,64777.0,COMPLETED,140629.0,POINT (-76.5115521 3.4534704),141373.0,POINT (-76.5093558 3.4717235),1004,123797.0,POINT (-76.5221269 3.471218399999999),Autama Motor - Cali,2025-06-16,2025-06-16,False,True,2026-11-11,2026-11-11
249816,345568,12.0,Alfred Initial Transport,VEHICLE_TRANSPORTATION,49485.0,2025-06-03 09:25:43.533000-05:00,2026-11-10 14:47:00-05:00,2026-11-10 17:19:00-05:00,12077,,2026-11-11 09:25:43.462000-05:00,2026-11-11 16:30:00-05:00,B2B,59955.0,COMPLETED,75827.0,POINT (-76.53965687916794 3.4516627253884913),138667.0,POINT (-76.54791019999999 3.4140574),1004,19281.0,POINT (-76.5468388 3.4090961),Apartamento,2025-06-03,2025-06-03,False,True,2026-11-11,2026-11-11
250885,346720,12.0,Alfred Initial Transport,VEHICLE_TRANSPORTATION,55663.0,2025-06-05 07:56:16.217000-05:00,2026-11-10 10:04:00-05:00,2026-11-10 10:33:00-05:00,2306,,2026-11-11 07:56:16.157000-05:00,2026-11-11 11:00:00-05:00,B2B,31481.0,COMPLETED,43816.0,POINT (-76.5389012 3.38733),139073.0,POINT (-76.5397988 3.3623756),1004,109102.0,POINT (-76.5710842 3.406073),Alfred,2025-06-05,2025-06-05,False,True,2026-11-11,2026-11-11
254723,350861,12.0,Alfred Initial Transport,VEHICLE_TRANSPORTATION,80663.0,2025-06-13 09:07:51.447000-05:00,2026-11-10 13:29:00-05:00,2026-11-10 15:12:00-05:00,2306,,2026-11-11 09:07:51.387000-05:00,2026-11-11 14:00:00-05:00,B2B,27323.0,COMPLETED,140282.0,POINT (-76.38704109999999 3.5356493),140283.0,POINT (-76.5314878 3.3632375),1004,109102.0,POINT (-76.5710842 3.406073),Alfred,2025-06-13,2025-06-13,False,True,2026-11-11,2026-11-11
257089,353391,12.0,Alfred Initial Transport,VEHICLE_TRANSPORTATION,57789.0,2025-06-18 14:44:57.523000-05:00,2026-11-10 15:47:00-05:00,2026-11-10 18:23:00-05:00,12077,,2026-11-11 14:44:57.444000-05:00,2026-11-11 17:45:00-05:00,B2B,70075.0,COMPLETED,141079.0,POINT (-76.5442755 3.3804676),141080.0,POINT (-76.52014439999999 3.4924131),1004,19281.0,POINT (-76.5468388 3.4090961),Apartamento,2025-06-18,2025-06-18,False,True,2026-11-11,2026-11-11
260444,356960,12.0,Alfred Initial Transport,VEHICLE_TRANSPORTATION,57789.0,2025-06-26 12:36:21.001000-05:00,2026-11-10 17:11:00-05:00,2026-11-10 19:25:00-05:00,9526,,2026-11-11 12:36:20.884000-05:00,2026-11-11 17:30:00-05:00,B2B,70094.0,COMPLETED,142098.0,POINT (-76.5227112 3.440422),93899.0,POINT (-76.5579073 3.4102482),1004,15087.0,POINT (-76.35007879999999 3.4079059),Casa,2025-06-26,2025-06-26,False,True,2026-11-11,2026-11-11
252548,348485,12.0,Alfred Initial Transport,VEHICLE_TRANSPORTATION,49485.0,2025-06-09 11:52:48.674000-05:00,2026-11-10 16:04:00-05:00,2026-11-10 18:16:00-05:00,2306,,2026-11-11 11:52:48.615000-05:00,2026-11-11 16:30:00-05:00,B2B,59955.0,COMPLETED,75827.0,POINT (-76.53965687916794 3.4516627253884913),139624.0,POINT (-76.54392 3.372622999999999),1004,109102.0,POINT (-76.5710842 3.406073),Alfred,2025-06-09,2025-06-09,False,True,2026-11-11,2026-11-11
256921,354617,12.0,Alfred Initial Transport,VEHICLE_TRANSPORTATION,90004.0,2025-06-20 17:24:17.857000-05:00,2026-11-13 08:13:00-05:00,2026-11-13 09:48:00-05:00,9526,,2026-11-11 09:35:52.340000-05:00,2026-11-11 13:00:00-05:00,B2B,55326.0,COMPLETED,91522.0,POINT (-76.38704109999999 3.5356493),91522.0,POINT (-76.38704109999999 3.5356493),1004,15087.0,POINT (-76.35007879999999 3.4079059),Casa,2025-06-18,2025-06-18,False,True,2026-11-11,2026-11-11
250972,346816,12.0,Alfred Initial Transport,VEHICLE_TRANSPORTATION,55663.0,2025-06-05 10:15:29.017000-05:00,2026-11-10 14:25:00-05:00,2026-11-10 15:47:00-05:00,20269,,2026-11-11 10:15:28.929000-05:00,2026-11-11 15:00:00-05:00,B2B,27339.0,COMPLETED,5538.0,POINT (-76.54655509999999 3.3958981937481387),82334.0,POINT (-76.5255473 3.3506119),1004,26088.0,POINT (-76.493671 3.414003),Casa,2025-06-05,2025-06-05,False,True,2026-11-11,2026-11-11
256875,353149,12.0,Alfred Initial Transport,VEHICLE_TRANSPORTATION,35000.0,2025-06-18 07:35:49.946000-05:00,2026-11-10 10:09:19-05:00,2026-11-10 10:32:03-05:00,14946,,2026-11-11 07:35:49.899000-05:00,2026-11-11 10:30:00-05:00,B2C,67019.0,COMPLETED,117082.0,POINT (-74.786107 10.9881486),117082.0,POINT (-74.786107 10.9881486),126,56474.0,POINT (-74.79419462825471 10.906019892143393),Casa,2025-06-18,2025-06-18,False,True,2026-11-11,2026-11-11
257075,353375,12.0,Alfred Initial Transport,VEHICLE_TRANSPORTATION,57789.0,2025-06-18 14:19:57.822000-05:00,2026-11-10 15:40:00-05:00,2026-11-10 17:06:00-05:00,14946,,2026-11-11 14:19:57.722000-05:00,2026-11-11 17:00:00-05:00,B2B,67573.0,COMPLETED,141065.0,POINT (-74.8051162 10.9914655),141066.0,POINT (-74.8146247 11.003346),126,56474.0,POINT (-74.79419462825471 10.906019892143393),Casa,2025-06-18,2025-06-18,False,True,2026-11-11,2026-11-11
256875,353150,3.0,Wash and Polish,WASH_AND_POLISH,33320.0,2025-06-18 07:35:50.005000-05:00,2026-11-10 10:32:03-05:00,2026-11-10 11:27:12-05:00,,1856.0,2026-11-11 07:35:49.899000-05:00,2026-11-11 10:30:00-05:00,B2C,67019.0,COMPLETED,117082.0,POINT (-74.786107 10.9881486),117082.0,POINT (-74.786107 10.9881486),126,101855.0,POINT (-74.7995734 10.9959409),Delux Car Wash - Barranquilla,2025-06-18,2025-06-18,False,True,2026-11-11,2026-11-11
255753,351960,12.0,Alfred Initial Transport,VEHICLE_TRANSPORTATION,35000.0,2025-06-16 10:47:46.890000-05:00,2026-11-10 14:15:33-05:00,2026-11-10 15:48:14-05:00,14946,,2026-11-11 10:47:46.839000-05:00,2026-11-11 14:30:00-05:00,B2C,24049.0,COMPLETED,123930.0,POINT (-74.7781195 10.944632),123930.0,POINT (-74.7781195 10.944632),126,56474.0,POINT (-74.79419462825471 10.906019892143393),Casa,2025-06-16,2025-06-16,False,True,2026-11-11,2026-11-11
250444,346247,4.0,Tecnomecanica,SAFETI_INSPECTION,313692.0,2025-06-04 11:30:51.831000-05:00,2026-11-10 13:16:00-05:00,2026-11-10 13:55:00-05:00,,523.0,2026-11-11 11:30:51.767000-05:00,2026-11-11 15:00:00-05:00,B2B,56803.0,COMPLETED,138938.0,POINT (-74.834142 10.9474241),121049.0,POINT (-74.8051698 10.991633),126,25566.0,POINT (-74.8057029 10.9966207),AUTOMAS BARRANQUILLA,2025-06-04,2025-06-04,False,True,2026-11-11,2026-11-11
250456,346262,2.0,Alfred Transport,VEHICLE_TRANSPORTATION,35000.0,2025-06-04 11:58:37.679000-05:00,2026-11-10 16:52:43-05:00,2026-11-10 17:20:07-05:00,71852,,2026-11-11 11:58:37.510000-05:00,2026-11-11 15:00:00-05:00,B2C,24049.0,COMPLETED,123930.0,POINT (-74.7781195 10.944632),124368.0,POINT (-74.7967932 10.9965857),126,130778.0,POINT (-74.7938234 10.9313923),Casa,2025-06-04,2025-06-04,False,True,2026-11-11,2026-11-11
259139,355568,12.0,Alfred Initial Transport,VEHICLE_TRANSPORTATION,49485.0,2025-06-24 10:51:12.708000-05:00,2026-11-10 14:29:00-05:00,2026-11-10 15:19:00-05:00,6229,,2026-11-11 10:51:12.617000-05:00,2026-11-11 14:30:00-05:00,B2B,64404.0,COMPLETED,33856.0,POINT (-74.043407 4.744333999999999),141670.0,POINT (-74.0499785 4.714886399999999),149,11727.0,POINT (-74.0583698 4.6510839),Casa,2025-06-24,2025-06-24,False,True,2026-11-11,2026-11-11
250372,346163,12.0,Alfred Initial Transport,VEHICLE_TRANSPORTATION,82789.0,2025-06-04 09:05:39.897000-05:00,2026-11-10 15:54:00-05:00,2026-11-10 22:33:00-05:00,11988,,2026-11-11 09:05:39.747000-05:00,2026-11-11 16:00:00-05:00,B2B,70075.0,COMPLETED,138887.0,POINT (-74.1228581 4.6525439),138888.0,POINT (-74.0897718 4.8160982),149,20721.0,POINT (-74.0286017 4.9203296),casa,2025-06-04,2025-06-04,False,True,2026-11-11,2026-11-11
250893,346728,12.0,Alfred Initial Transport,VEHICLE_TRANSPORTATION,55663.0,2025-06-05 08:09:50.927000-05:00,2026-11-10 11:33:00-05:00,2026-11-10 12:39:00-05:00,5832,,2026-11-11 08:09:50.852000-05:00,2026-11-11 11:30:00-05:00,B2B,20261.0,COMPLETED,88962.0,POINT (-74.0664381 4.6704091),138339.0,POINT (-74.0824938 4.679355900000001),149,98373.0,POINT (-74.0805306 4.755374499999999),casa,2025-06-05,2025-06-05,False,True,2026-11-11,2026-11-11
260991,357547,12.0,Alfred Initial Transport,VEHICLE_TRANSPORTATION,55663.0,2025-06-27 12:12:32.604000-05:00,2026-11-10 16:31:00-05:00,2026-11-10 18:22:00-05:00,10449,,2026-11-11 12:12:32.506000-05:00,2026-11-11 17:00:00-05:00,B2B,30027.0,COMPLETED,15.0,POINT (-74.065413 4.759951),57161.0,POINT (-74.052127 4.67547),149,16682.0,POINT (-74.1691584 4.6514129),casa,2025-06-27,2025-06-27,False,True,2026-11-11,2026-11-11
254242,350349,12.0,Alfred Initial Transport,VEHICLE_TRANSPORTATION,65004.0,2025-06-12 10:49:48.633000-05:00,2026-11-10 13:10:00-05:00,2026-11-10 14:19:00-05:00,70934,,2026-11-11 10:49:48.614000-05:00,2026-11-11 13:00:00-05:00,B2B,45184.0,COMPLETED,110940.0,POINT (-74.1306479 4.6875541),130938.0,POINT (-74.1362453 4.6927107),149,128219.0,POINT (-74.19197489999999 4.6331451),Casa,2025-06-12,2025-06-12,False,True,2026-11-11,2026-11-11
259806,356283,12.0,Alfred Initial Transport,VEHICLE_TRANSPORTATION,45000.0,2025-06-25 13:36:41.305000-05:00,2026-11-10 16:02:10-05:00,2026-11-10 18:56:12-05:00,70431,,2026-11-11 13:36:41.250000-05:00,2026-11-11 17:00:00-05:00,B2C,78657.0,COMPLETED,141869.0,POINT (-74.030557 4.698149),141734.0,POINT (-74.1293867 4.655996099999999),149,126994.0,POINT (-74.1988555 4.5810069),Casa,2025-06-25,2025-06-25,False,True,2026-11-11,2026-11-11
252412,348332,12.0,Alfred Initial Transport,VEHICLE_TRANSPORTATION,55663.0,2025-06-09 08:21:04.122000-05:00,2026-11-10 09:35:00-05:00,2026-11-10 10:18:00-05:00,69860,,2026-11-11 08:21:04.045000-05:00,2026-11-11 10:30:00-05:00,B2B,27317.0,COMPLETED,18702.0,POINT (-74.1103095 4.6459248),6814.0,POINT (-74.1098914 4.629117399999999),149,125736.0,POINT (-74.0313506 4.7138433),Apartamento,2025-06-09,2025-06-09,False,True,2026-11-11,2026-11-11
254231,350336,12.0,Alfred Initial Transport,VEHICLE_TRANSPORTATION,55663.0,2025-06-12 10:32:35.135000-05:00,2026-11-10 15:12:00-05:00,2026-11-10 16:27:00-05:00,211,,2026-11-11 10:32:35.068000-05:00,2026-11-11 16:30:00-05:00,B2B,30027.0,COMPLETED,15.0,POINT (-74.065413 4.759951),126318.0,POINT (-74.0293463 4.701649),149,56465.0,POINT (-74.0877144 4.7271318),Casa,2025-06-12,2025-06-12,False,True,2026-11-11,2026-11-11
251001,349282,12.0,Alfred Initial Transport,VEHICLE_TRANSPORTATION,65004.0,2025-06-10 17:09:51.948000-05:00,2026-11-16 16:57:00-05:00,2026-11-16 19:31:00-05:00,11714,,2026-11-11 11:26:45.421000-05:00,2026-11-11 13:30:00-05:00,B2B,45184.0,IN_PROGRESS,110940.0,POINT (-74.1306479 4.6875541),110940.0,POINT (-74.1306479 4.6875541),149,18448.0,POINT (-74.2377623 4.564346899999999),casa,2025-06-05,2025-06-05,False,True,2026-11-11,2026-11-11
256912,353197,12.0,Alfred Initial Transport,VEHICLE_TRANSPORTATION,55663.0,2025-06-18 09:10:53.519000-05:00,2026-11-10 16:10:00-05:00,2026-11-10 17:24:00-05:00,5832,,2026-11-11 09:10:53.441000-05:00,2026-11-11 16:31:00-05:00,B2B,30027.0,COMPLETED,15.0,POINT (-74.065413 4.759951),140607.0,POINT (-74.0540729 4.6742417),149,98373.0,POINT (-74.0805306 4.755374499999999),casa,2025-06-18,2025-06-18,False,True,2026-11-11,2026-11-11
252434,348356,12.0,Alfred Initial Transport,VEHICLE_TRANSPORTATION,55663.0,2025-06-09 08:54:02.007000-05:00,2026-11-10 14:09:00-05:00,2026-11-10 15:18:00-05:00,26348,,2026-11-11 08:54:01.921000-05:00,2026-11-11 15:00:00-05:00,B2B,68221.0,COMPLETED,10.0,POINT (-74.075015 4.69416),109517.0,POINT (-74.0529213 4.6559645),149,35906.0,POINT (-74.10570919999999 4.7142156),Casa,2025-06-09,2025-06-09,False,True,2026-11-11,2026-11-11
259655,356115,12.0,Alfred Initial Transport,VEHICLE_TRANSPORTATION,55663.0,2025-06-25 10:13:23.306000-05:00,2026-11-10 12:42:00-05:00,2026-11-10 13:49:00-05:00,70431,,2026-11-11 10:13:23.218000-05:00,2026-11-11 13:00:00-05:00,B2B,38209.0,COMPLETED,59037.0,POINT (-74.075518 4.6209114),128927.0,POINT (-74.0566599 4.6942305),149,126994.0,POINT (-74.1988555 4.5810069),Casa,2025-06-25,2025-06-25,False,True,2026-11-11,2026-11-11
258011,354369,12.0,Alfred Initial Transport,VEHICLE_TRANSPORTATION,35000.0,2025-06-20 11:03:47.874000-05:00,2026-11-10 14:07:46-05:00,2026-11-10 15:21:25-05:00,69861,,2026-11-11 11:03:47.824000-05:00,2026-11-11 14:00:00-05:00,B2C,78227.0,COMPLETED,141370.0,POINT (-74.1098329 4.6376925),141370.0,POINT (-74.1098329 4.6376925),149,125737.0,POINT (-74.18022189999999 4.624224),Apartamento,2025-06-20,2025-06-20,False,True,2026-11-11,2026-11-11
251530,347414,12.0,Alfred Initial Transport,VEHICLE_TRANSPORTATION,57789.0,2025-06-06 12:15:16.594000-05:00,2026-11-10 15:51:00-05:00,2026-11-10 18:45:00-05:00,5366,,2026-11-11 12:15:16.516000-05:00,2026-11-11 16:30:00-05:00,B2B,67573.0,COMPLETED,139340.0,POINT (-74.11265879999999 4.6451551),139341.0,POINT (-74.0526405 4.6865576),149,93651.0,POINT (-74.08878779999999 4.7315578),ALFRED,2025-06-06,2025-06-06,False,True,2026-11-11,2026-11-11
259087,355510,3.0,Wash and Polish,WASH_AND_POLISH,21850.0,2025-06-24 09:15:53.468000-05:00,2026-11-10 12:02:23-05:00,2026-11-10 12:42:15-05:00,,934.0,2026-11-11 09:15:53.321000-05:00,2026-11-11 12:00:00-05:00,B2C,68994.0,COMPLETED,123216.0,POINT (-74.1027872 4.6800894),123216.0,POINT (-74.1027872 4.6800894),149,72261.0,POINT (-74.1089748 4.6597407),Deluxe CWF,2025-06-24,2025-06-24,False,True,2026-11-11,2026-11-11
259087,355511,2.0,Alfred Transport,VEHICLE_TRANSPORTATION,35000.0,2025-06-24 09:15:53.535000-05:00,2026-11-10 12:42:15-05:00,2026-11-10 13:16:50-05:00,10500,,2026-11-11 09:15:53.321000-05:00,2026-11-11 12:00:00-05:00,B2C,68994.0,COMPLETED,123216.0,POINT (-74.1027872 4.6800894),123216.0,POINT (-74.1027872 4.6800894),149,16797.0,POINT (-74.118284 4.7485876),casa,2025-06-24,2025-06-24,False,True,2026-11-11,2026-11-11
254242,350916,12.0,Alfred Initial Transport,VEHICLE_TRANSPORTATION,65004.0,2025-06-13 10:37:53.843000-05:00,2026-11-11 13:24:00-05:00,2026-11-11 17:59:00-05:00,69861,,2026-11-11 10:49:48.614000-05:00,2026-11-11 13:00:00-05:00,B2B,45184.0,COMPLETED,110940.0,POINT (-74.1306479 4.6875541),130938.0,POINT (-74.1362453 4.6927107),149,125737.0,POINT (-74.18022189999999 4.624224),Apartamento,2025-06-12,2025-06-12,False,True,2026-11-11,2026-11-11
251035,346890,12.0,Alfred Initial Transport,VEHICLE_TRANSPORTATION,55663.0,2025-06-05 12:36:13.320000-05:00,2026-11-10 16:37:00-05:00,2026-11-10 19:11:00-05:00,5832,,2026-11-11 12:36:13.254000-05:00,2026-11-11 16:00:00-05:00,B2B,30027.0,COMPLETED,15.0,POINT (-74.065413 4.759951),139153.0,POINT (-74.0548955 4.6431802),149,98373.0,POINT (-74.0805306 4.755374499999999),casa,2025-06-05,2025-06-05,False,True,2026-11-11,2026-11-11
260978,357532,12.0,Alfred Initial Transport,VEHICLE_TRANSPORTATION,55663.0,2025-06-27 11:48:31.796000-05:00,2026-11-10 14:49:00-05:00,2026-11-10 17:05:00-05:00,26348,,2026-11-11 11:48:31.719000-05:00,2026-11-11 15:00:00-05:00,B2B,30027.0,COMPLETED,15.0,POINT (-74.065413 4.759951),142260.0,POINT (-74.1037052 4.6073159),149,35906.0,POINT (-74.10570919999999 4.7142156),Casa,2025-06-27,2025-06-27,False,True,2026-11-11,2026-11-11
256952,353247,12.0,Alfred Initial Transport,VEHICLE_TRANSPORTATION,82789.0,2025-06-18 10:46:21.105000-05:00,2026-11-10 15:56:00-05:00,2026-11-10 17:33:00-05:00,68168,,2026-11-11 10:46:21.029000-05:00,2026-11-11 16:00:00-05:00,B2B,61607.0,COMPLETED,140998.0,POINT (-74.0648223 4.760572400000001),140999.0,POINT (-74.1039139 4.807138199999999),149,120850.0,POINT (-74.0293686 4.7648946),Apartamento,2025-06-18,2025-06-18,False,True,2026-11-11,2026-11-11
250463,346270,12.0,Alfred Initial Transport,VEHICLE_TRANSPORTATION,55663.0,2025-06-04 12:16:47.994000-05:00,2026-11-10 14:51:00-05:00,2026-11-10 16:05:00-05:00,70431,,2026-11-11 12:16:47.908000-05:00,2026-11-11 15:00:00-05:00,B2B,31425.0,COMPLETED,17793.0,POINT (-74.05576889999999 4.712595600000001),138949.0,POINT (-74.117355 4.662967699999999),149,126994.0,POINT (-74.1988555 4.5810069),Casa,2025-06-04,2025-06-04,False,True,2026-11-11,2026-11-11
259690,356152,12.0,Alfred Initial Transport,VEHICLE_TRANSPORTATION,52988.0,2025-06-25 10:52:29.220000-05:00,2026-11-10 14:42:00-05:00,2026-11-10 16:06:00-05:00,14671,,2026-11-11 10:52:29.148000-05:00,2026-11-11 15:00:00-05:00,B2B,35498.0,COMPLETED,1488.0,POINT (-74.10500789999999 4.6304576),141828.0,POINT (-74.0468345 4.6636393),149,23068.0,POINT (-74.1122312 4.7384985),Casa,2025-06-25,2025-06-25,False,True,2026-11-11,2026-11-11
257546,353871,12.0,Alfred Initial Transport,VEHICLE_TRANSPORTATION,57789.0,2025-06-19 10:52:59.095000-05:00,2026-11-10 15:49:00-05:00,2026-11-10 17:32:00-05:00,5366,,2026-11-11 10:52:59.034000-05:00,2026-11-11 16:00:00-05:00,B2B,70075.0,COMPLETED,141219.0,POINT (-74.0557628 4.7125948),141220.0,POINT (-74.03433849999999 4.711468),149,93651.0,POINT (-74.08878779999999 4.7315578),ALFRED,2025-06-19,2025-06-19,False,True,2026-11-11,2026-11-11
260966,357514,12.0,Alfred Initial Transport,VEHICLE_TRANSPORTATION,55663.0,2025-06-27 11:25:27.727000-05:00,2026-11-10 16:25:00-05:00,2026-11-10 18:27:00-05:00,2331,,2026-11-11 11:25:27.643000-05:00,2026-11-11 16:30:00-05:00,B2B,66600.0,COMPLETED,103744.0,POINT (-74.0664901 4.6872453),103743.0,POINT (-74.0279516 4.6998693),149,56572.0,POINT (-74.2240796 4.5898388),Casa,2025-06-27,2025-06-27,False,True,2026-11-11,2026-11-11
257424,353741,12.0,Alfred Initial Transport,VEHICLE_TRANSPORTATION,35000.0,2025-06-19 07:41:58.589000-05:00,2026-11-10 12:21:13-05:00,2026-11-10 13:08:28-05:00,70431,,2026-11-11 07:41:58.545000-05:00,2026-11-11 12:30:00-05:00,B2C,45865.0,COMPLETED,73340.0,POINT (-74.0947688 4.6466842),73340.0,POINT (-74.0947688 4.6466842),149,126994.0,POINT (-74.1988555 4.5810069),Casa,2025-06-19,2025-06-19,False,True,2026-11-11,2026-11-11
251032,346887,12.0,Alfred Initial Transport,VEHICLE_TRANSPORTATION,55663.0,2025-06-05 12:28:37.096000-05:00,2026-11-10 15:34:00-05:00,2026-11-10 16:01:00-05:00,14671,,2026-11-11 12:28:37.025000-05:00,2026-11-11 17:00:00-05:00,B2B,71459.0,COMPLETED,138945.0,POINT (-74.05172019999999 4.7257324),117786.0,POINT (-74.03726429999999 4.7163163),149,23068.0,POINT (-74.1122312 4.7384985),Casa,2025-06-05,2025-06-05,False,True,2026-11-11,2026-11-11
251444,347320,3.0,Wash and Polish,WASH_AND_POLISH,38000.0,2025-06-06 09:18:17.342000-05:00,2026-11-10 13:05:00-05:00,,,2087.0,2026-11-11 09:18:17.219000-05:00,2026-11-11 13:00:00-05:00,B2C,9221.0,FAILED,139292.0,POINT (-74.0342246 4.6935826),139292.0,POINT (-74.0342246 4.6935826),149,104004.0,POINT (-74.0550678 4.7028419),Impecable Autolavado,2025-06-06,2025-06-06,False,True,2026-11-11,2026-11-11
254261,350370,12.0,Alfred Initial Transport,VEHICLE_TRANSPORTATION,55663.0,2025-06-12 11:26:31.553000-05:00,2026-11-10 14:31:00-05:00,2026-11-10 16:27:00-05:00,69861,,2026-11-11 11:26:31.489000-05:00,2026-11-11 15:30:00-05:00,B2B,55818.0,COMPLETED,10.0,POINT (-74.075015 4.69416),140020.0,POINT (-74.0508241 4.6905174),149,125737.0,POINT (-74.18022189999999 4.624224),Apartamento,2025-06-12,2025-06-12,False,True,2026-11-11,2026-11-11
257907,354256,12.0,Alfred Initial Transport,VEHICLE_TRANSPORTATION,35000.0,2025-06-20 06:31:23.733000-05:00,2026-11-10 10:43:37-05:00,2026-11-10 11:43:45-05:00,6229,,2026-11-11 06:31:23.688000-05:00,2026-11-11 11:30:00-05:00,B2C,33582.0,COMPLETED,134203.0,POINT (-74.1434161 4.6318171),134203.0,POINT (-74.1434161 4.6318171),149,11727.0,POINT (-74.0583698 4.6510839),Casa,2025-06-20,2025-06-20,False,True,2026-11-11,2026-11-11
259076,355497,2.0,Alfred Transport,VEHICLE_TRANSPORTATION,35000.0,2025-06-24 08:57:12.879000-05:00,2026-11-10 13:10:14-05:00,2026-11-10 14:35:32-05:00,11988,,2026-11-11 08:57:12.671000-05:00,2026-11-11 13:00:00-05:00,B2C,49476.0,COMPLETED,122600.0,POINT (-74.0293125 4.9130625),122600.0,POINT (-74.0293125 4.9130625),149,20721.0,POINT (-74.0286017 4.9203296),casa,2025-06-24,2025-06-24,False,True,2026-11-11,2026-11-11
256885,353162,3.0,Wash and Polish,WASH_AND_POLISH,29000.0,2025-06-18 08:09:16.096000-05:00,2026-11-10 12:58:00-05:00,2026-11-10 14:01:00-05:00,,896.0,2026-11-11 08:09:15.987000-05:00,2026-11-11 12:00:00-05:00,B2C,72261.0,COMPLETED,131800.0,POINT (-74.0642644 4.8511841),131800.0,POINT (-74.0642644 4.8511841),149,67240.0,POINT (-74.09878239999999 4.8135524),Deluxe Detailling Car Wash Cota,2025-06-18,2025-06-18,False,True,2026-11-11,2026-11-11
251549,347436,12.0,Alfred Initial Transport,VEHICLE_TRANSPORTATION,55663.0,2025-06-06 13:21:18.324000-05:00,2026-11-10 15:22:00-05:00,2026-11-10 17:33:00-05:00,69861,,2026-11-11 13:21:18.250000-05:00,2026-11-11 15:30:00-05:00,B2B,35558.0,COMPLETED,26356.0,POINT (-74.065145 4.7617788),139349.0,POINT (-74.05860779999999 4.6680031),149,125737.0,POINT (-74.18022189999999 4.624224),Apartamento,2025-06-06,2025-06-06,False,True,2026-11-11,2026-11-11
252592,348534,12.0,Alfred Initial Transport,VEHICLE_TRANSPORTATION,49485.0,2025-06-09 13:30:36.951000-05:00,2026-11-10 16:18:00-05:00,2026-11-10 17:50:00-05:00,719,,2026-11-11 13:30:36.882000-05:00,2026-11-11 16:30:00-05:00,B2B,72801.0,COMPLETED,31708.0,POINT (-74.04436799999999 4.682166),139428.0,POINT (-74.045851 4.67312),149,9575.0,POINT (-74.1474839 4.6118768),Apartamento,2025-06-09,2025-06-09,False,True,2026-11-11,2026-11-11
250327,346110,2.0,Alfred Transport,VEHICLE_TRANSPORTATION,35000.0,2025-06-04 06:42:09.124000-05:00,2026-11-10 13:04:23-05:00,2026-11-10 14:00:16-05:00,10500,,2026-11-11 06:42:08.947000-05:00,2026-11-11 11:00:00-05:00,B2C,68383.0,COMPLETED,121497.0,POINT (-74.077111 4.6965278),121497.0,POINT (-74.077111 4.6965278),149,16797.0,POINT (-74.118284 4.7485876),casa,2025-06-04,2025-06-04,False,True,2026-11-11,2026-11-11
255835,352047,12.0,Alfred Initial Transport,VEHICLE_TRANSPORTATION,55663.0,2025-06-16 12:28:00.758000-05:00,2026-11-10 15:56:00-05:00,2026-11-10 17:50:00-05:00,5366,,2026-11-11 12:28:00.695000-05:00,2026-11-11 16:00:00-05:00,B2B,26723.0,COMPLETED,21923.0,POINT (-74.0678728 4.6711387),140665.0,POINT (-74.06567179999999 4.7079206),149,93651.0,POINT (-74.08878779999999 4.7315578),ALFRED,2025-06-16,2025-06-16,False,True,2026-11-11,2026-11-11
257937,354288,12.0,Alfred Initial Transport,VEHICLE_TRANSPORTATION,74485.0,2025-06-20 08:26:30.128000-05:00,2026-11-10 09:35:00-05:00,2026-11-10 12:44:00-05:00,11988,,2026-11-11 08:26:30.059000-05:00,2026-11-11 11:00:00-05:00,B2B,64404.0,COMPLETED,33856.0,POINT (-74.043407 4.744333999999999),141328.0,POINT (-74.01948019999999 4.919528400000001),149,20721.0,POINT (-74.0286017 4.9203296),casa,2025-06-20,2025-06-20,False,True,2026-11-11,2026-11-11
257511,353830,12.0,Alfred Initial Transport,VEHICLE_TRANSPORTATION,57789.0,2025-06-19 10:01:47.622000-05:00,2026-11-10 12:43:00-05:00,2026-11-10 13:45:00-05:00,2331,,2026-11-11 10:01:47.549000-05:00,2026-11-11 13:00:00-05:00,B2B,70075.0,COMPLETED,121468.0,POINT (-74.08855539999999 4.616161),141205.0,POINT (-74.0766101 4.6601203),149,56572.0,POINT (-74.2240796 4.5898388),Casa,2025-06-19,2025-06-19,False,True,2026-11-11,2026-11-11
260910,357454,12.0,Alfred Initial Transport,VEHICLE_TRANSPORTATION,55663.0,2025-06-27 09:36:54.759000-05:00,2026-11-10 16:19:00-05:00,2026-11-10 18:42:00-05:00,5366,,2026-11-11 09:36:54.690000-05:00,2026-11-11 16:30:00-05:00,B2B,30027.0,COMPLETED,15.0,POINT (-74.065413 4.759951),135579.0,POINT (-74.0514297 4.6806554),149,93651.0,POINT (-74.08878779999999 4.7315578),ALFRED,2025-06-27,2025-06-27,False,True,2026-11-11,2026-11-11
251513,347395,12.0,Alfred Initial Transport,VEHICLE_TRANSPORTATION,80663.0,2025-06-06 11:28:39.473000-05:00,2026-11-10 13:59:00-05:00,2026-11-10 15:54:00-05:00,70934,,2026-11-11 11:28:39.403000-05:00,2026-11-11 14:00:00-05:00,B2B,20261.0,COMPLETED,88962.0,POINT (-74.0664381 4.6704091),138680.0,POINT (-74.0635145 4.86625),149,128219.0,POINT (-74.19197489999999 4.6331451),Casa,2025-06-06,2025-06-06,False,True,2026-11-11,2026-11-11
250468,346275,12.0,Alfred Initial Transport,VEHICLE_TRANSPORTATION,77988.0,2025-06-04 12:20:56.957000-05:00,2026-11-10 17:08:00-05:00,2026-11-10 18:59:00-05:00,68168,,2026-11-11 12:20:56.887000-05:00,2026-11-11 16:30:00-05:00,B2B,34791.0,COMPLETED,1.0,POINT (-74.045085 4.777223),138677.0,POINT (-74.0787683 4.851305400000001),149,120850.0,POINT (-74.0293686 4.7648946),Apartamento,2025-06-04,2025-06-04,False,True,2026-11-11,2026-11-11
249956,345723,12.0,Alfred Initial Transport,VEHICLE_TRANSPORTATION,55663.0,2025-06-03 14:21:34.678000-05:00,2026-11-10 15:30:00-05:00,2026-11-10 17:28:00-05:00,211,,2026-11-11 14:21:34.603000-05:00,2026-11-11 16:30:00-05:00,B2B,35558.0,COMPLETED,26356.0,POINT (-74.065145 4.7617788),137760.0,POINT (-74.0564878 4.6855665),149,56465.0,POINT (-74.0877144 4.7271318),Casa,2025-06-03,2025-06-03,False,True,2026-11-11,2026-11-11
252463,348388,12.0,Alfred Initial Transport,VEHICLE_TRANSPORTATION,55663.0,2025-06-09 09:54:29.875000-05:00,2026-11-10 15:57:00-05:00,2026-11-10 16:38:00-05:00,5832,,2026-11-11 09:54:29.806000-05:00,2026-11-11 16:00:00-05:00,B2B,35558.0,COMPLETED,26356.0,POINT (-74.065145 4.7617788),139382.0,POINT (-74.0607635 4.793047100000001),149,98373.0,POINT (-74.0805306 4.755374499999999),casa,2025-06-09,2025-06-09,False,True,2026-11-11,2026-11-11
253637,349700,12.0,Alfred Initial Transport,VEHICLE_TRANSPORTATION,74485.0,2025-06-11 11:38:20.158000-05:00,2026-11-10 15:37:00-05:00,2026-11-10 17:41:00-05:00,69861,,2026-11-11 11:38:20.124000-05:00,2026-11-11 15:00:00-05:00,B2B,50217.0,COMPLETED,139965.0,POINT (-74.1404521 4.7437457),6811.0,POINT (-74.07450039999999 4.6948373),149,125737.0,POINT (-74.18022189999999 4.624224),Apartamento,2025-06-11,2025-06-11,False,True,2026-11-11,2026-11-11
260370,356879,12.0,Alfred Initial Transport,VEHICLE_TRANSPORTATION,55663.0,2025-06-26 10:43:33.010000-05:00,2026-11-10 14:05:00-05:00,2026-11-10 14:58:00-05:00,5366,,2026-11-11 10:43:32.905000-05:00,2026-11-11 14:00:00-05:00,B2B,26723.0,COMPLETED,22698.0,POINT (-74.04766769999999 4.686273099999999),21923.0,POINT (-74.0678728 4.6711387),149,93651.0,POINT (-74.08878779999999 4.7315578),ALFRED,2025-06-26,2025-06-26,False,True,2026-11-11,2026-11-11
260457,356975,12.0,Alfred Initial Transport,VEHICLE_TRANSPORTATION,55663.0,2025-06-26 12:58:28.292000-05:00,2026-11-10 14:18:00-05:00,2026-11-10 15:25:00-05:00,69860,,2026-11-11 12:58:28.185000-05:00,2026-11-11 15:00:00-05:00,B2B,30260.0,COMPLETED,52065.0,POINT (-74.0771132 4.6547041),142100.0,POINT (-74.0519898 4.678782),149,125736.0,POINT (-74.0313506 4.7138433),Apartamento,2025-06-26,2025-06-26,False,True,2026-11-11,2026-11-11
253024,349007,6.0,General Mechanics,GENERAL_MECHANICS,0.0,2025-06-10 09:09:46.194000-05:00,2026-11-10 12:25:00-05:00,2026-11-19 13:46:53-05:00,,4218.0,2026-11-11 09:09:46.115000-05:00,2026-11-11 11:30:00-05:00,B2C,330.0,COMPLETED,39514.0,POINT (-74.0465821 4.6863386),39514.0,POINT (-74.0465821 4.6863386),149,133540.0,POINT (-74.064105 4.761370900000001),Yokomotor 173,2025-06-10,2025-06-10,False,True,2026-11-11,2026-11-11
259572,356020,12.0,Alfred Initial Transport,VEHICLE_TRANSPORTATION,55663.0,2025-06-25 08:09:07.323000-05:00,2026-11-10 10:40:00-05:00,,211,,2026-11-11 08:09:07.262000-05:00,2026-11-11 10:30:00-05:00,B2B,30260.0,FAILED,52065.0,POINT (-74.0771132 4.6547041),128469.0,POINT (-74.0381205 4.8760822),149,56465.0,POINT (-74.0877144 4.7271318),Casa,2025-06-25,2025-06-25,False,True,2026-11-11,2026-11-11
253635,349698,12.0,Alfred Initial Transport,VEHICLE_TRANSPORTATION,74485.0,2025-06-11 11:35:50.007000-05:00,2026-11-10 11:58:00-05:00,2026-11-10 15:59:00-05:00,11988,,2026-11-11 11:35:49.974000-05:00,2026-11-11 14:00:00-05:00,B2B,50217.0,COMPLETED,127333.0,POINT (-74.142016 4.7457956),6811.0,POINT (-74.07450039999999 4.6948373),149,20721.0,POINT (-74.0286017 4.9203296),casa,2025-06-11,2025-06-11,False,True,2026-11-11,2026-11-11
260410,356923,12.0,Alfred Initial Transport,VEHICLE_TRANSPORTATION,65004.0,2025-06-26 11:50:10.416000-05:00,2026-11-10 13:59:00-05:00,2026-11-10 15:12:00-05:00,2331,,2026-11-11 11:50:10.348000-05:00,2026-11-11 14:00:00-05:00,B2B,65847.0,COMPLETED,120060.0,POINT (-74.0575171 4.6571677),113944.0,POINT (-74.07620949999999 4.6931322),149,56572.0,POINT (-74.2240796 4.5898388),Casa,2025-06-26,2025-06-26,False,True,2026-11-11,2026-11-11
250399,346192,12.0,Alfred Initial Transport,VEHICLE_TRANSPORTATION,35000.0,2025-06-04 10:07:38.109000-05:00,2026-11-10 12:30:00-05:00,2026-11-10 13:38:00-05:00,5366,,2026-11-11 10:07:38.061000-05:00,2026-11-11 12:30:00-05:00,B2C,11112.0,COMPLETED,138903.0,POINT (-74.0554598 4.6720594),138903.0,POINT (-74.0554598 4.6720594),149,93651.0,POINT (-74.08878779999999 4.7315578),ALFRED,2025-06-04,2025-06-04,False,True,2026-11-11,2026-11-11
257437,353756,12.0,Alfred Initial Transport,VEHICLE_TRANSPORTATION,55663.0,2025-06-19 08:15:50.415000-05:00,2026-11-10 10:17:00-05:00,2026-11-10 12:32:00-05:00,11988,,2026-11-11 08:15:50.350000-05:00,2026-11-11 11:30:00-05:00,B2B,67165.0,COMPLETED,128585.0,POINT (-74.0543387 4.6761102),28555.0,POINT (-74.0780903 4.6972938),149,20721.0,POINT (-74.0286017 4.9203296),casa,2025-06-19,2025-06-19,False,True,2026-11-11,2026-11-11
253085,349078,12.0,Alfred Initial Transport,VEHICLE_TRANSPORTATION,55663.0,2025-06-10 11:34:03.559000-05:00,2026-11-10 15:59:00-05:00,2026-11-10 17:45:00-05:00,719,,2026-11-11 11:34:03.494000-05:00,2026-11-11 15:30:00-05:00,B2B,35558.0,COMPLETED,26356.0,POINT (-74.065145 4.7617788),138351.0,POINT (-74.03042540000001 4.7532137),149,9575.0,POINT (-74.1474839 4.6118768),Apartamento,2025-06-10,2025-06-10,False,True,2026-11-11,2026-11-11
259829,356312,12.0,Alfred Initial Transport,VEHICLE_TRANSPORTATION,55663.0,2025-06-25 14:23:29.111000-05:00,2026-11-10 16:21:00-05:00,2026-11-10 18:55:00-05:00,2331,,2026-11-11 14:23:29.043000-05:00,2026-11-11 16:31:00-05:00,B2B,66599.0,COMPLETED,141005.0,POINT (-74.0459602 4.7526023),141004.0,POINT (-74.1397759 4.632202299999999),149,56572.0,POINT (-74.2240796 4.5898388),Casa,2025-06-25,2025-06-25,False,True,2026-11-11,2026-11-11
251862,347757,12.0,Alfred Initial Transport,VEHICLE_TRANSPORTATION,49485.0,2025-06-07 08:44:32.050000-05:00,2026-11-10 12:22:00-05:00,2026-11-10 13:58:00-05:00,2331,,2026-11-11 08:44:31.978000-05:00,2026-11-11 12:30:00-05:00,B2B,72801.0,COMPLETED,31041.0,POINT (-74.05157539999999 4.713140399999999),139429.0,POINT (-74.1058205 4.677824500000001),149,56572.0,POINT (-74.2240796 4.5898388),Casa,2025-06-07,2025-06-07,False,True,2026-11-11,2026-11-11
250446,346250,12.0,Alfred Initial Transport,VEHICLE_TRANSPORTATION,55663.0,2025-06-04 11:32:09.922000-05:00,2026-11-10 13:29:00-05:00,2026-11-10 14:37:00-05:00,14671,,2026-11-11 11:32:09.846000-05:00,2026-11-11 14:00:00-05:00,B2B,26169.0,COMPLETED,5.0,POINT (-74.051305 4.689304),138939.0,POINT (-74.05786429999999 4.65802),149,23068.0,POINT (-74.1122312 4.7384985),Casa,2025-06-04,2025-06-04,False,True,2026-11-11,2026-11-11
259623,356078,12.0,Alfred Initial Transport,VEHICLE_TRANSPORTATION,52988.0,2025-06-25 09:21:14.358000-05:00,2026-11-10 11:23:00-05:00,2026-11-10 12:52:00-05:00,719,,2026-11-11 09:21:14.288000-05:00,2026-11-11 11:30:00-05:00,B2B,19528.0,COMPLETED,141801.0,POINT (-74.0312738 4.705906500000001),1.0,POINT (-74.045085 4.777223),149,9575.0,POINT (-74.1474839 4.6118768),Apartamento,2025-06-25,2025-06-25,False,True,2026-11-11,2026-11-11
251499,347381,12.0,Alfred Initial Transport,VEHICLE_TRANSPORTATION,55663.0,2025-06-06 11:09:53.701000-05:00,2026-11-10 12:59:00-05:00,2026-11-10 13:37:00-05:00,14671,,2026-11-11 11:09:53.630000-05:00,2026-11-11 14:00:00-05:00,B2B,57985.0,COMPLETED,28798.0,POINT (-74.08720430000001 4.6760977),138786.0,POINT (-74.075414 4.691726),149,23068.0,POINT (-74.1122312 4.7384985),Casa,2025-06-06,2025-06-06,False,True,2026-11-11,2026-11-11
259170,355599,12.0,Alfred Initial Transport,VEHICLE_TRANSPORTATION,65004.0,2025-06-24 11:29:19.617000-05:00,2026-11-10 14:00:00-05:00,2026-11-10 15:45:00-05:00,70934,,2026-11-11 11:29:19.462000-05:00,2026-11-11 14:00:00-05:00,B2B,65847.0,COMPLETED,115160.0,POINT (-74.1239914 4.592095099999999),113944.0,POINT (-74.07620949999999 4.6931322),149,128219.0,POINT (-74.19197489999999 4.6331451),Casa,2025-06-24,2025-06-24,False,True,2026-11-11,2026-11-11
253024,349008,2.0,Alfred Transport,VEHICLE_TRANSPORTATION,45000.0,2025-06-10 09:09:46.205000-05:00,2026-11-19 13:46:53-05:00,2026-11-19 16:27:53-05:00,2331,,2026-11-11 09:09:46.115000-05:00,2026-11-11 11:30:00-05:00,B2C,330.0,COMPLETED,39514.0,POINT (-74.0465821 4.6863386),39514.0,POINT (-74.0465821 4.6863386),149,56572.0,POINT (-74.2240796 4.5898388),Casa,2025-06-10,2025-06-10,False,True,2026-11-11,2026-11-11
259171,355600,12.0,Alfred Initial Transport,VEHICLE_TRANSPORTATION,55663.0,2025-06-24 11:32:58.619000-05:00,2026-11-10 17:00:00-05:00,2026-11-10 18:36:00-05:00,70934,,2026-11-11 11:32:58.506000-05:00,2026-11-11 17:00:00-05:00,B2B,46829.0,COMPLETED,674.0,POINT (-74.1145559 4.6716483),141677.0,POINT (-74.1463294 4.648174399999999),149,128219.0,POINT (-74.19197489999999 4.6331451),Casa,2025-06-24,2025-06-24,False,True,2026-11-11,2026-11-11
256473,352719,12.0,Alfred Initial Transport,VEHICLE_TRANSPORTATION,55663.0,2025-06-17 12:04:59.091000-05:00,2026-11-10 13:52:00-05:00,2026-11-10 16:33:00-05:00,11988,,2026-11-11 12:04:59.012000-05:00,2026-11-11 15:00:00-05:00,B2B,55818.0,COMPLETED,10.0,POINT (-74.075015 4.69416),139696.0,POINT (-74.025842 4.710107000000001),149,20721.0,POINT (-74.0286017 4.9203296),casa,2025-06-17,2025-06-17,False,True,2026-11-11,2026-11-11
260318,356819,12.0,Alfred Initial Transport,VEHICLE_TRANSPORTATION,35000.0,2025-06-26 09:33:04.987000-05:00,2026-11-10 13:50:00-05:00,2026-11-10 14:37:00-05:00,5832,,2026-11-11 09:33:04.910000-05:00,2026-11-11 14:00:00-05:00,B2B,77112.0,COMPLETED,131134.0,POINT (-74.0386187 4.7249777),131134.0,POINT (-74.0386187 4.7249777),149,98373.0,POINT (-74.0805306 4.755374499999999),casa,2025-06-26,2025-06-26,False,True,2026-11-11,2026-11-11
256479,352725,12.0,Alfred Initial Transport,VEHICLE_TRANSPORTATION,55663.0,2025-06-17 12:08:45.184000-05:00,2026-11-10 15:18:00-05:00,2026-11-10 16:50:00-05:00,68168,,2026-11-11 12:08:45.120000-05:00,2026-11-11 16:00:00-05:00,B2B,47594.0,COMPLETED,140826.0,POINT (-74.11450529999999 4.6717962),140827.0,POINT (-74.0315899 4.7066587),149,120850.0,POINT (-74.0293686 4.7648946),Apartamento,2025-06-17,2025-06-17,False,True,2026-11-11,2026-11-11
257435,353754,12.0,Alfred Initial Transport,VEHICLE_TRANSPORTATION,55663.0,2025-06-19 08:12:21.725000-05:00,2026-11-10 10:20:00-05:00,2026-11-10 11:47:00-05:00,10500,,2026-11-11 08:12:21.641000-05:00,2026-11-11 10:30:00-05:00,B2B,65643.0,COMPLETED,141163.0,POINT (-74.0272257 4.7168167),141164.0,POINT (-74.07476129999999 4.6939351),149,16797.0,POINT (-74.118284 4.7485876),casa,2025-06-19,2025-06-19,False,True,2026-11-11,2026-11-11
256335,352569,12.0,Alfred Initial Transport,VEHICLE_TRANSPORTATION,49485.0,2025-06-17 08:54:57.280000-05:00,2026-11-10 14:24:00-05:00,2026-11-10 15:21:00-05:00,6229,,2026-11-11 08:54:57.208000-05:00,2026-11-11 14:30:00-05:00,B2B,66701.0,COMPLETED,1460.0,POINT (-74.1127455 4.6451826),140771.0,POINT (-74.1113589 4.670812),149,11727.0,POINT (-74.0583698 4.6510839),Casa,2025-06-17,2025-06-17,False,True,2026-11-11,2026-11-11
253549,349580,12.0,Alfred Initial Transport,VEHICLE_TRANSPORTATION,57789.0,2025-06-11 09:17:34.602000-05:00,2026-11-10 12:25:00-05:00,2026-11-10 14:12:00-05:00,6229,,2026-11-11 09:17:34.535000-05:00,2026-11-11 12:00:00-05:00,B2B,70094.0,COMPLETED,39388.0,POINT (-74.1055861 4.659453),39388.0,POINT (-74.1055861 4.659453),149,11727.0,POINT (-74.0583698 4.6510839),Casa,2025-06-11,2025-06-11,False,True,2026-11-11,2026-11-11
251055,346916,12.0,Alfred Initial Transport,VEHICLE_TRANSPORTATION,52988.0,2025-06-05 14:20:27.330000-05:00,2026-11-10 17:25:00-05:00,2026-11-10 18:25:00-05:00,70934,,2026-11-11 14:20:27.261000-05:00,2026-11-11 17:25:00-05:00,B2B,49196.0,COMPLETED,2.0,POINT (-74.028923 4.704466),139170.0,POINT (-74.0443446 4.674737899999999),149,128219.0,POINT (-74.19197489999999 4.6331451),Casa,2025-06-05,2025-06-05,False,True,2026-11-11,2026-11-11
259127,355553,12.0,Alfred Initial Transport,VEHICLE_TRANSPORTATION,77988.0,2025-06-24 10:35:23.521000-05:00,2026-11-10 12:50:00-05:00,2026-11-10 15:01:00-05:00,719,,2026-11-11 10:35:23.425000-05:00,2026-11-11 13:00:00-05:00,B2B,19528.0,COMPLETED,1.0,POINT (-74.045085 4.777223),137551.0,POINT (-74.0119516 4.8605496),149,9575.0,POINT (-74.1474839 4.6118768),Apartamento,2025-06-24,2025-06-24,False,True,2026-11-11,2026-11-11
260318,356821,2.0,Alfred Transport,VEHICLE_TRANSPORTATION,35000.0,2025-06-26 09:33:05.059000-05:00,2026-11-10 16:35:00-05:00,2026-11-10 16:53:00-05:00,5832,,2026-11-11 09:33:04.910000-05:00,2026-11-11 14:00:00-05:00,B2B,77112.0,COMPLETED,131134.0,POINT (-74.0386187 4.7249777),131134.0,POINT (-74.0386187 4.7249777),149,98373.0,POINT (-74.0805306 4.755374499999999),casa,2025-06-26,2025-06-26,False,True,2026-11-11,2026-11-11
260265,356761,12.0,Alfred Initial Transport,VEHICLE_TRANSPORTATION,55663.0,2025-06-26 08:21:11.400000-05:00,2026-11-10 13:25:00-05:00,2026-11-10 15:35:00-05:00,6229,,2026-11-11 08:21:11.317000-05:00,2026-11-11 14:00:00-05:00,B2B,42835.0,COMPLETED,142018.0,POINT (-74.05969499999999 4.714306),142019.0,POINT (-74.1230404 4.5958163),149,11727.0,POINT (-74.0583698 4.6510839),Casa,2025-06-26,2025-06-26,False,True,2026-11-11,2026-11-11
254832,350984,12.0,Alfred Initial Transport,VEHICLE_TRANSPORTATION,55663.0,2025-06-13 12:32:14.386000-05:00,2026-11-10 17:19:00-05:00,2026-11-10 20:10:00-05:00,26348,,2026-11-11 12:32:14.287000-05:00,2026-11-11 17:00:00-05:00,B2B,71460.0,COMPLETED,19.0,POINT (-74.075997 4.693477),139668.0,POINT (-74.0490051 4.6525028),149,35906.0,POINT (-74.10570919999999 4.7142156),Casa,2025-06-13,2025-06-13,False,True,2026-11-11,2026-11-11
260969,357517,12.0,Alfred Initial Transport,VEHICLE_TRANSPORTATION,49485.0,2025-06-27 11:34:11.969000-05:00,2026-11-10 14:55:00-05:00,2026-11-10 15:19:35-05:00,10500,,2026-11-11 11:34:11.854000-05:00,2026-11-11 15:00:00-05:00,B2B,57674.0,FAILED,1460.0,POINT (-74.1127455 4.6451826),142257.0,POINT (-74.10270489999999 4.6458201),149,16797.0,POINT (-74.118284 4.7485876),casa,2025-06-27,2025-06-27,False,True,2026-11-11,2026-11-11
253078,349070,12.0,Alfred Initial Transport,VEHICLE_TRANSPORTATION,65004.0,2025-06-10 11:17:22.041000-05:00,2026-11-10 12:53:00-05:00,2026-11-10 13:24:00-05:00,69147,,2026-11-11 11:17:22.019000-05:00,2026-11-11 13:30:00-05:00,B2B,45184.0,COMPLETED,91510.0,POINT (-75.516454 10.446315),91510.0,POINT (-75.516454 10.446315),150,123522.0,POINT (-75.5051041 10.392139),Apartamento,2025-06-10,2025-06-10,False,True,2026-11-11,2026-11-11
253078,349071,6.0,General Mechanics,GENERAL_MECHANICS,2302650.0,2025-06-10 11:17:22.083000-05:00,2026-11-10 13:24:00-05:00,2026-11-14 12:15:00-05:00,,1530.0,2026-11-11 11:17:22.019000-05:00,2026-11-11 13:30:00-05:00,B2B,45184.0,COMPLETED,91510.0,POINT (-75.516454 10.446315),91510.0,POINT (-75.516454 10.446315),150,94075.0,POINT (-75.5308586 10.4214759),Reyautos Del Caribe Cartagena,2025-06-10,2025-06-10,False,True,2026-11-11,2026-11-11
254214,350510,16.0,Tanqueo Terpel (Corriente),OTHER_LABORS,50000.0,2025-06-12 15:27:11.676000-05:00,2026-11-10 18:10:00-05:00,2026-11-10 18:15:00-05:00,,373.0,2026-11-11 09:58:29.618000-05:00,2026-11-11 14:30:00-05:00,B2B,70077.0,COMPLETED,140129.0,POINT (-74.7758939 10.907219),140127.0,POINT (-75.4632505 10.3745641),150,15537.0,POINT (-74.8107278 10.9969969),TERPEL URBANA BARRANQUILLA,2025-06-12,2025-06-12,False,True,2026-11-11,2026-11-11
253069,349060,6.0,General Mechanics,GENERAL_MECHANICS,0.0,2025-06-10 10:47:11.327000-05:00,2026-11-10 14:38:00-05:00,2026-11-10 14:54:00-05:00,,2319.0,2026-11-11 10:47:11.272000-05:00,2026-11-11 13:00:00-05:00,B2B,45184.0,COMPLETED,91531.0,POINT (-73.181381 7.128081700000001),91531.0,POINT (-73.181381 7.128081700000001),844,107054.0,POINT (-73.1287071 7.132651399999999),Taller Principal Motors,2025-06-10,2025-06-10,False,True,2026-11-11,2026-11-11
253069,349059,12.0,Alfred Initial Transport,VEHICLE_TRANSPORTATION,90004.0,2025-06-10 10:47:11.292000-05:00,2026-11-10 12:52:00-05:00,2026-11-10 14:38:00-05:00,6412,,2026-11-11 10:47:11.272000-05:00,2026-11-11 13:00:00-05:00,B2B,45184.0,COMPLETED,91531.0,POINT (-73.181381 7.128081700000001),91531.0,POINT (-73.181381 7.128081700000001),844,12312.0,POINT (-73.1037471 7.0910492),Apartamento,2025-06-10,2025-06-10,False,True,2026-11-11,2026-11-11
256318,352550,12.0,Alfred Initial Transport,VEHICLE_TRANSPORTATION,65004.0,2025-06-17 08:19:40.003000-05:00,2026-11-10 12:23:00-05:00,2026-11-10 15:38:00-05:00,6412,,2026-11-11 08:19:39.979000-05:00,2026-11-11 13:00:00-05:00,B2B,45184.0,COMPLETED,107054.0,POINT (-73.1287071 7.132651399999999),125362.0,POINT (-73.10750949999999 7.083156399999999),844,12312.0,POINT (-73.1037471 7.0910492),Apartamento,2025-06-17,2025-06-17,False,True,2026-11-11,2026-11-11
253069,349168,2.0,Alfred Transport,VEHICLE_TRANSPORTATION,90004.0,2025-06-10 14:52:25.187000-05:00,2026-11-10 14:54:00-05:00,2026-11-10 15:51:00-05:00,6412,,2026-11-11 10:47:11.272000-05:00,2026-11-11 13:00:00-05:00,B2B,45184.0,COMPLETED,91531.0,POINT (-73.181381 7.128081700000001),91531.0,POINT (-73.181381 7.128081700000001),844,12312.0,POINT (-73.1037471 7.0910492),Apartamento,2025-06-10,2025-06-10,False,True,2026-11-11,2026-11-11
